<?xml version="1.0" encoding="utf-8"?>
<form name="test">
    <title>国际业务行员分配</title>
    <desc>国际业务机构分配</desc>
    <permissions>
        <perm value="1" name="分行级">asjfhasfkjasf</perm>
        <perm value="2" name="支行级"></perm>
    </permissions>
    <dataproviders>
        <inline name="khxx" params='_khbh,_khmc'>
            w = []
            subsql = ""
            if _khbh:
                w.append( "khbh='%s'"%_khbh)
            if _khmc:
                w.append( "khmc='%s'"%_khmc)
            if w!=[]:
                subsql = "and " + " and ".join(w)
                sql = "select distinct khbh,khmc from fx_gjywfp_hy where zqdm in(select csqz1 from hxkh.gl_xtcs where csdm='qmhz') %s"%subsql
            else:
                sql = "select distinct khbh,khmc from fx_gjywfp_hy where zqdm in(select csqz1 from hxkh.gl_xtcs where csdm='qmhz')"
            return objectstore.execute( sql )
        </inline>
        <inline name="fpym" params="_khbh">
            sql = "select a.hydm,b.xm,a.zb,a.zqdm,a.khmc,a.khbh from fx_gjywfp_hy a,gl_hydy b where zqdm in(select csqz1 from hxkh.gl_xtcs where csdm='qmhz') and a.hydm=b.hydm and khbh='%s'"%_khbh
            return objectstore.execute(sql)
        </inline>
        <inline name='zhfpxx' params='_khbh,_khmc'>
            d={}
            d['khbh']=_khbh
            d['khmc']=_khmc
            return d
        </inline>
    </dataproviders>
    <actions>
        <inline name='zhfp' params='khbh,khmc'>
            if khbh:
                khbh = khbh.strip()
            if khmc:
                khmc = khmc.strip().decode('gbk')
            this.set( _khbh = khbh , _khmc=khmc )
        </inline>
        <inline name='fp' params='hydm,zb,khbh,khmc,zqdm'>
            _khbh=khbh[0]
            _zqdm = zqdm[0]
            _khmc = khmc[0]
            if _khmc:
                _khmc=_khmc.decode('gbk')
            sqllist=[]
            i = 0
            fpz = 0
            for yg in hydm:
                if yg!=None:
                    if zb[i]==None:
                        pass
                    else:
                        sql = "insert into fx_gjywfp_hy(zqdm,khbh,khmc,hydm,zb) values('%s','%s','%s','%s',%f)"%(_zqdm,_khbh,_khmc,yg,float(zb[i]))
                        sqllist.append(sql)
                        fpz = fpz + float( zb[i] )
                i = i + 1
            if fpz!=100:
                raise RuntimeError("分配比例有误，不等于100了")
            else:
                objectstore.begin()
                sql = "delete from fx_gjywfp_hy where khbh='%s' and zqdm='%s'"%(_khbh,_zqdm)
                try:
                    objectstore.execute(sql)
                    for sql in sqllist:
                        objectstore.execute(sql)
                    objectstore.commit()
                except:
                    raise RuntimeError("出错了")
                    objectstore.rollback()
        </inline>


    </actions>
    <view>
        <table name='cx_area' pagesize='1' nocontrol="">
            <row force="">
                <col header='客户编号' w='100px' ><input name='khbh' w='80px'/></col>
                <col header='客户名称' w='400px' ><input name='khmc' w='380px'/></col>
                <col header='操作' w='100px'>
                    <button ac='zhfp' get='/cx_area' link='/re_area'>查询</button>
                </col>
            </row>
        </table>
        <table name='re_area' pagesize='20' dp='khxx'>
            <row>
                <col header='客户编号' w='100px' ><text name='khbh' w='80px'/><hidden name='khbh' w='80px'/></col>
                <col header='客户名称' w='400px' a='left'><text name='khmc' w='380px'/><hidden name='khmc'/></col>
                <col header='操作' w='100px'>
                    <popup ac='zhfp' get="../.." link="../../../../zhfp/csxx/,../../../../zhfp/page_fp">调整分配
                    <param key="act">ins_or_upd</param>
                    </popup>
                </col>
            </row>
        </table>
        <tanchu name='zhfp'>
            <table name="csxx" pagesize='1' dp="zhfpxx" nocontrol="">
                <row>
                    <col header='客户编号' w='200px'><text name='khbh' w='180px'/><hidden name='khbh'/></col>
                    <col header='客户名称' w='400px'><text name='khmc' w='380px'/><hidden name='khmc'/></col>
                </row>
            </table>
            <table name="page_fp" pagesize='5' nocontrol="" dp='fpym'>
                <row con="">
                    <col header='员工工号' w='200px'><input name='hydm' w='140px'/><hidden name='khbh'/><hidden name='zqdm'/><hidden name='khmc'/></col>
                    <col header='员工姓名' w='200px'><text name='xm' w='140px'/></col>
                    <col header='分配比例' w='200px'><input name='zb' w='140px'/></col>
                </row>
            </table>
            <block>
                <button name='commit' ac="fp" kind="" get="../../" link="../..">提交
                    <param key="act">ins_or_upd</param>
                </button>
            </block>

        </tanchu>
    </view>
</form>